email,pwrd
0.2753510213790781@mail.com,user123           
0.03577965459779633@mail.com,user123          
0.9030815236380098@mail.com,user123           
0.7269701559968246@mail.com,user123           
0.5997366967458304@mail.com,user123           
0.4560670147033936@mail.com,user123           
0.48449563630965103@mail.com,user123          
0.8735252241963736@mail.com,user123           
0.13880014684232353@mail.com,user123          
0.9568168410036498@mail.com,user123           
0.5785902769420983@mail.com,user123           
0.3235448237865026@mail.com,user123           
0.10593349352824039@mail.com,user123          
0.8901789284150313@mail.com,user123           
0.13299385398892655@mail.com,user123          
0.7800596449620554@mail.com,user123           
0.5829686721691754@mail.com,user123           
0.7694699151278634@mail.com,user123           
0.5148968575633041@mail.com,user123           
0.03249073855416536@mail.com,user123          
0.8019864444718934@mail.com,user123           
0.724470863649776@mail.com,user123            
0.21987476511462561@mail.com,user123          
0.5898524291803479@mail.com,user123           
0.6457467331846005@mail.com,user123           
0.30879964029161394@mail.com,user123          
0.3025912867540905@mail.com,user123           
0.4720582403491448@mail.com,user123           
0.4677585861854372@mail.com,user123           
0.5176403589743662@mail.com,user123           
0.7046459154972106@mail.com,user123           
0.3691625727966594@mail.com,user123           
0.05408349263309094@mail.com,user123          
0.2924992002267797@mail.com,user123           
0.3246499362118464@mail.com,user123           
0.061917498412284305@mail.com,user123         
0.7264333902962006@mail.com,user123           
0.08845317755375624@mail.com,user123          
0.7177772471962639@mail.com,user123           
0.05479874331866858@mail.com,user123          
0.15790159873881468@mail.com,user123          
0.5398804106702523@mail.com,user123           
0.39682105367884707@mail.com,user123          
0.5966925902262001@mail.com,user123           
0.7922221668953018@mail.com,user123  